{
  "_generated": "Generated by SweetTooth, do not edit",
  "description": "Easily switch your monitor to power-saving mode with a simple button press. \nA single click turns off the screen without requiring a password upon wake-up, while a double-click ensures a password prompt after waking up.",
  "name": "Monitor Smart Saver",
  "gettext-domain": "monitor-smart-saver",
  "settings-schema": "org.gnome.shell.extensions.monitor-smart-saver",
  "shell-version": [
    "46",
    "47",
    "48"
  ],
  "url": "https://github.com/pic16f877ccs/Monitor-smart-saver",
  "uuid": "monitorSmartSaver@pic16f877ccs.github.com",
  "version": 1,
  "version-name": "1.4.2"
}
